Size,Direct_us,Distributed_us,Overhead_percent
32,5000,0.41578,4.49016,979.937
64,5000,0.70174,5.87554,737.282
128,5000,1.49168,9.73984,552.944
255,5000,3.08466,15.3114,396.373
1024,2000,12.2181,53.7188,339.664
4096,500,50.9508,202.707,297.849
16384,100,228.573,858.772,275.71
32766,20,429.325,1726.31,302.099
