PayloadSize,Serialize_us,Deserialize_us
3,0.16432,0.08038
32,0.16035,0.08803
64,0.16319,0.09162
128,0.25694,0.09904
255,0.20657,0.1004
