PayloadSize,Serialize_us,Deserialize_us
3,0.1725,0.08089
32,0.18153,0.08127
64,0.18995,0.08565
128,0.19439,0.11767
255,0.20763,0.13943
